2015-05-20 20:54:51;	1;100;0;	2;136;80;	3;143;38682362306;	4;100;19;	5;100;0;	7;100;0;	8;142;25;	9;100;5574;	10;100;0;	12;100;19;	192;100;247;	193;100;247;	194;230;154620330010;	196;100;0;	197;100;0;	198;100;0;	199;200;0;
2015-05-20 21:24:52;	1;100;0;	2;136;80;	3;143;38682362306;	4;100;19;	5;100;0;	7;100;0;	8;142;25;	9;100;5574;	10;100;0;	12;100;19;	192;100;247;	193;100;247;	194;230;154620330010;	196;100;0;	197;100;0;	198;100;0;	199;200;0;
2015-05-20 21:54:52;	1;100;0;	2;136;80;	3;143;38682362306;	4;100;19;	5;100;0;	7;100;0;	8;142;25;	9;100;5575;	10;100;0;	12;100;19;	192;100;247;	193;100;247;	194;230;154620330010;	196;100;0;	197;100;0;	198;100;0;	199;200;0;
2015-05-20 22:24:52;	1;100;0;	2;136;80;	3;143;38682362306;	4;100;19;	5;100;0;	7;100;0;	8;142;25;	9;100;5575;	10;100;0;	12;100;19;	192;100;247;	193;100;247;	194;230;154620330010;	196;100;0;	197;100;0;	198;100;0;	199;200;0;
2015-05-20 22:54:52;	1;100;0;	2;136;80;	3;143;38682362306;	4;100;19;	5;100;0;	7;100;0;	8;142;25;	9;100;5576;	10;100;0;	12;100;19;	192;100;247;	193;100;247;	194;230;154620330010;	196;100;0;	197;100;0;	198;100;0;	199;200;0;
2015-05-20 23:24:52;	1;100;0;	2;136;80;	3;143;38682362306;	4;100;19;	5;100;0;	7;100;0;	8;142;25;	9;100;5576;	10;100;0;	12;100;19;	192;100;247;	193;100;247;	194;230;154620330010;	196;100;0;	197;100;0;	198;100;0;	199;200;0;
2015-05-20 23:54:52;	1;100;0;	2;136;80;	3;143;38682362306;	4;100;19;	5;100;0;	7;100;0;	8;142;25;	9;100;5577;	10;100;0;	12;100;19;	192;100;247;	193;100;247;	194;230;154620330010;	196;100;0;	197;100;0;	198;100;0;	199;200;0;
2015-05-21 00:24:52;	1;100;0;	2;136;80;	3;143;38682362306;	4;100;19;	5;100;0;	7;100;0;	8;142;25;	9;100;5577;	10;100;0;	12;100;19;	192;100;247;	193;100;247;	194;240;154620330009;	196;100;0;	197;100;0;	198;100;0;	199;200;0;
2015-05-21 00:54:52;	1;100;0;	2;136;80;	3;143;38682362306;	4;100;19;	5;100;0;	7;100;0;	8;142;25;	9;100;5578;	10;100;0;	12;100;19;	192;100;247;	193;100;247;	194;240;154620330009;	196;100;0;	197;100;0;	198;100;0;	199;200;0;
2015-05-21 01:24:52;	1;100;0;	2;136;80;	3;143;38682362306;	4;100;19;	5;100;0;	7;100;0;	8;142;25;	9;100;5578;	10;100;0;	12;100;19;	192;100;247;	193;100;247;	194;240;154620330009;	196;100;0;	197;100;0;	198;100;0;	199;200;0;
2015-05-21 01:54:52;	1;100;0;	2;136;80;	3;143;38682362306;	4;100;19;	5;100;0;	7;100;0;	8;142;25;	9;100;5579;	10;100;0;	12;100;19;	192;100;247;	193;100;247;	194;240;154620330009;	196;100;0;	197;100;0;	198;100;0;	199;200;0;
2015-05-21 02:24:52;	1;100;0;	2;136;80;	3;143;38682362306;	4;100;19;	5;100;0;	7;100;0;	8;142;25;	9;100;5579;	10;100;0;	12;100;19;	192;100;247;	193;100;247;	194;240;154620330009;	196;100;0;	197;100;0;	198;100;0;	199;200;0;
2015-05-21 02:54:52;	1;100;0;	2;136;80;	3;143;38682362306;	4;100;19;	5;100;0;	7;100;0;	8;142;25;	9;100;5580;	10;100;0;	12;100;19;	192;100;247;	193;100;247;	194;230;154620330010;	196;100;0;	197;100;0;	198;100;0;	199;200;0;
2015-05-21 03:24:52;	1;100;0;	2;136;80;	3;143;38682362306;	4;100;19;	5;100;0;	7;100;0;	8;142;25;	9;100;5580;	10;100;0;	12;100;19;	192;100;247;	193;100;247;	194;240;154620330009;	196;100;0;	197;100;0;	198;100;0;	199;200;0;
2015-05-21 03:54:52;	1;100;0;	2;136;80;	3;143;38682362306;	4;100;19;	5;100;0;	7;100;0;	8;142;25;	9;100;5581;	10;100;0;	12;100;19;	192;100;247;	193;100;247;	194;240;154620330009;	196;100;0;	197;100;0;	198;100;0;	199;200;0;
2015-05-21 04:24:52;	1;100;0;	2;136;80;	3;143;38682362306;	4;100;19;	5;100;0;	7;100;0;	8;142;25;	9;100;5581;	10;100;0;	12;100;19;	192;100;247;	193;100;247;	194;240;154620330009;	196;100;0;	197;100;0;	198;100;0;	199;200;0;
2015-05-21 04:54:52;	1;100;0;	2;136;80;	3;143;38682362306;	4;100;19;	5;100;0;	7;100;0;	8;142;25;	9;100;5582;	10;100;0;	12;100;19;	192;100;247;	193;100;247;	194;230;154620330010;	196;100;0;	197;100;0;	198;100;0;	199;200;0;
2015-05-21 05:24:52;	1;100;0;	2;136;80;	3;143;38682362306;	4;100;19;	5;100;0;	7;100;0;	8;142;25;	9;100;5582;	10;100;0;	12;100;19;	192;100;247;	193;100;247;	194;230;154620330010;	196;100;0;	197;100;0;	198;100;0;	199;200;0;
2015-05-21 05:54:52;	1;100;0;	2;136;80;	3;143;38682362306;	4;100;19;	5;100;0;	7;100;0;	8;142;25;	9;100;5583;	10;100;0;	12;100;19;	192;100;247;	193;100;247;	194;230;154620330010;	196;100;0;	197;100;0;	198;100;0;	199;200;0;
2015-05-21 06:24:52;	1;100;0;	2;136;80;	3;143;38682362306;	4;100;19;	5;100;0;	7;100;0;	8;142;25;	9;100;5583;	10;100;0;	12;100;19;	192;100;247;	193;100;247;	194;230;154620330010;	196;100;0;	197;100;0;	198;100;0;	199;200;0;
2015-05-21 06:54:52;	1;100;0;	2;136;80;	3;143;38682362306;	4;100;19;	5;100;0;	7;100;0;	8;142;25;	9;100;5584;	10;100;0;	12;100;19;	192;100;247;	193;100;247;	194;230;154620330010;	196;100;0;	197;100;0;	198;100;0;	199;200;0;
2015-05-21 07:24:52;	1;100;0;	2;136;80;	3;143;38682362306;	4;100;19;	5;100;0;	7;100;0;	8;142;25;	9;100;5584;	10;100;0;	12;100;19;	192;100;247;	193;100;247;	194;230;154620330010;	196;100;0;	197;100;0;	198;100;0;	199;200;0;
2015-05-21 07:54:52;	1;100;0;	2;136;80;	3;143;38682362306;	4;100;19;	5;100;0;	7;100;0;	8;140;26;	9;100;5585;	10;100;0;	12;100;19;	192;100;247;	193;100;247;	194;222;154620330011;	196;100;0;	197;100;0;	198;100;0;	199;200;0;
2015-05-21 08:24:51;	1;100;0;	2;136;80;	3;143;38682362306;	4;100;19;	5;100;0;	7;100;0;	8;140;26;	9;100;5585;	10;100;0;	12;100;19;	192;100;247;	193;100;247;	194;214;154620330012;	196;100;0;	197;100;0;	198;100;0;	199;200;0;
2015-05-21 08:54:52;	1;100;0;	2;136;80;	3;143;38682362306;	4;100;19;	5;100;0;	7;100;0;	8;140;26;	9;100;5586;	10;100;0;	12;100;19;	192;100;247;	193;100;247;	194;214;154620330012;	196;100;0;	197;100;0;	198;100;0;	199;200;0;
2015-05-21 09:24:52;	1;100;0;	2;136;80;	3;143;38682362306;	4;100;19;	5;100;0;	7;100;0;	8;140;26;	9;100;5586;	10;100;0;	12;100;19;	192;100;247;	193;100;247;	194;214;154620330012;	196;100;0;	197;100;0;	198;100;0;	199;200;0;
2015-05-21 09:54:52;	1;100;0;	2;136;80;	3;143;38682362306;	4;100;19;	5;100;0;	7;100;0;	8;140;26;	9;100;5587;	10;100;0;	12;100;19;	192;100;248;	193;100;248;	194;206;154620330013;	196;100;0;	197;100;0;	198;100;0;	199;200;0;
2015-05-21 10:24:52;	1;100;0;	2;136;80;	3;143;38682362306;	4;100;19;	5;100;0;	7;100;0;	8;140;26;	9;100;5587;	10;100;0;	12;100;19;	192;100;248;	193;100;248;	194;206;154620330013;	196;100;0;	197;100;0;	198;100;0;	199;200;0;
2015-05-21 10:54:52;	1;100;0;	2;136;80;	3;143;38682362306;	4;100;19;	5;100;0;	7;100;0;	8;140;26;	9;100;5588;	10;100;0;	12;100;19;	192;100;248;	193;100;248;	194;200;154620330014;	196;100;0;	197;100;0;	198;100;0;	199;200;0;
2015-05-21 11:24:52;	1;100;0;	2;136;80;	3;143;38682362306;	4;100;19;	5;100;0;	7;100;0;	8;140;26;	9;100;5588;	10;100;0;	12;100;19;	192;100;248;	193;100;248;	194;200;154620330014;	196;100;0;	197;100;0;	198;100;0;	199;200;0;
2015-05-21 11:54:52;	1;100;0;	2;136;80;	3;143;38682362306;	4;100;19;	5;100;0;	7;100;0;	8;140;26;	9;100;5589;	10;100;0;	12;100;19;	192;100;248;	193;100;248;	194;200;154620330014;	196;100;0;	197;100;0;	198;100;0;	199;200;0;
2015-05-21 12:24:52;	1;100;0;	2;136;80;	3;143;38682362306;	4;100;19;	5;100;0;	7;100;0;	8;140;26;	9;100;5589;	10;100;0;	12;100;19;	192;100;248;	193;100;248;	194;206;154620330013;	196;100;0;	197;100;0;	198;100;0;	199;200;0;
2015-05-21 12:54:52;	1;100;0;	2;136;80;	3;143;38682362306;	4;100;19;	5;100;0;	7;100;0;	8;140;26;	9;100;5590;	10;100;0;	12;100;19;	192;100;248;	193;100;248;	194;206;154620330013;	196;100;0;	197;100;0;	198;100;0;	199;200;0;
2015-05-21 13:24:52;	1;100;0;	2;136;80;	3;143;38682362306;	4;100;19;	5;100;0;	7;100;0;	8;140;26;	9;100;5590;	10;100;0;	12;100;19;	192;100;248;	193;100;248;	194;200;154620330014;	196;100;0;	197;100;0;	198;100;0;	199;200;0;
2015-05-21 13:54:52;	1;100;0;	2;136;80;	3;143;38682362306;	4;100;19;	5;100;0;	7;100;0;	8;140;26;	9;100;5591;	10;100;0;	12;100;19;	192;100;248;	193;100;248;	194;200;154620330014;	196;100;0;	197;100;0;	198;100;0;	199;200;0;
2015-05-21 14:24:52;	1;100;0;	2;136;80;	3;143;38682362306;	4;100;19;	5;100;0;	7;100;0;	8;140;26;	9;100;5591;	10;100;0;	12;100;19;	192;100;248;	193;100;248;	194;200;154620330014;	196;100;0;	197;100;0;	198;100;0;	199;200;0;
2015-05-21 14:54:52;	1;100;0;	2;136;80;	3;143;38682362306;	4;100;19;	5;100;0;	7;100;0;	8;140;26;	9;100;5592;	10;100;0;	12;100;19;	192;100;248;	193;100;248;	194;200;154620330014;	196;100;0;	197;100;0;	198;100;0;	199;200;0;
2015-05-21 15:24:52;	1;100;0;	2;136;80;	3;143;38682362306;	4;100;19;	5;100;0;	7;100;0;	8;140;26;	9;100;5592;	10;100;0;	12;100;19;	192;100;248;	193;100;248;	194;206;154620330013;	196;100;0;	197;100;0;	198;100;0;	199;200;0;
2015-05-21 15:54:52;	1;100;0;	2;136;80;	3;143;38682362306;	4;100;19;	5;100;0;	7;100;0;	8;140;26;	9;100;5593;	10;100;0;	12;100;19;	192;100;248;	193;100;248;	194;200;154620330014;	196;100;0;	197;100;0;	198;100;0;	199;200;0;
2015-05-21 16:24:52;	1;100;0;	2;136;80;	3;143;38682362306;	4;100;19;	5;100;0;	7;100;0;	8;140;26;	9;100;5593;	10;100;0;	12;100;19;	192;100;248;	193;100;248;	194;200;154620330014;	196;100;0;	197;100;0;	198;100;0;	199;200;0;
2015-05-21 16:54:52;	1;100;0;	2;136;80;	3;143;38682362306;	4;100;19;	5;100;0;	7;100;0;	8;140;26;	9;100;5594;	10;100;0;	12;100;19;	192;100;248;	193;100;248;	194;200;154620330014;	196;100;0;	197;100;0;	198;100;0;	199;200;0;
2015-05-21 17:24:52;	1;100;0;	2;136;80;	3;143;38682362306;	4;100;19;	5;100;0;	7;100;0;	8;140;26;	9;100;5594;	10;100;0;	12;100;19;	192;100;248;	193;100;248;	194;206;154620330013;	196;100;0;	197;100;0;	198;100;0;	199;200;0;
2015-05-21 17:54:52;	1;100;0;	2;136;80;	3;143;38682362306;	4;100;19;	5;100;0;	7;100;0;	8;140;26;	9;100;5595;	10;100;0;	12;100;19;	192;100;248;	193;100;248;	194;206;154620330013;	196;100;0;	197;100;0;	198;100;0;	199;200;0;
2015-05-21 18:24:52;	1;100;0;	2;136;80;	3;143;38682362306;	4;100;19;	5;100;0;	7;100;0;	8;140;26;	9;100;5595;	10;100;0;	12;100;19;	192;100;248;	193;100;248;	194;206;154620330013;	196;100;0;	197;100;0;	198;100;0;	199;200;0;
2015-05-21 18:54:52;	1;100;0;	2;136;80;	3;143;38682362306;	4;100;19;	5;100;0;	7;100;0;	8;140;26;	9;100;5596;	10;100;0;	12;100;19;	192;100;248;	193;100;248;	194;214;154620330012;	196;100;0;	197;100;0;	198;100;0;	199;200;0;
2015-05-21 19:24:52;	1;100;0;	2;136;80;	3;143;38682362306;	4;100;19;	5;100;0;	7;100;0;	8;140;26;	9;100;5596;	10;100;0;	12;100;19;	192;100;248;	193;100;248;	194;214;154620330012;	196;100;0;	197;100;0;	198;100;0;	199;200;0;
2015-05-21 19:54:52;	1;100;0;	2;136;80;	3;143;38682362306;	4;100;19;	5;100;0;	7;100;0;	8;140;26;	9;100;5597;	10;100;0;	12;100;19;	192;100;248;	193;100;248;	194;222;154620330011;	196;100;0;	197;100;0;	198;100;0;	199;200;0;
2015-05-21 20:24:52;	1;100;0;	2;136;80;	3;143;38682362306;	4;100;19;	5;100;0;	7;100;0;	8;140;26;	9;100;5597;	10;100;0;	12;100;19;	192;100;248;	193;100;248;	194;222;154620330011;	196;100;0;	197;100;0;	198;100;0;	199;200;0;
2015-05-21 20:54:52;	1;100;0;	2;136;80;	3;143;38682362306;	4;100;19;	5;100;0;	7;100;0;	8;140;26;	9;100;5598;	10;100;0;	12;100;19;	192;100;248;	193;100;248;	194;222;154620330011;	196;100;0;	197;100;0;	198;100;0;	199;200;0;
2015-05-21 21:24:52;	1;100;0;	2;136;80;	3;143;38682362306;	4;100;19;	5;100;0;	7;100;0;	8;140;26;	9;100;5598;	10;100;0;	12;100;19;	192;100;248;	193;100;248;	194;230;154620330010;	196;100;0;	197;100;0;	198;100;0;	199;200;0;
2015-05-21 21:54:52;	1;100;0;	2;136;80;	3;143;38682362306;	4;100;19;	5;100;0;	7;100;0;	8;140;26;	9;100;5599;	10;100;0;	12;100;19;	192;100;248;	193;100;248;	194;230;154620330010;	196;100;0;	197;100;0;	198;100;0;	199;200;0;
2015-05-21 22:24:51;	1;100;0;	2;136;80;	3;143;38682362306;	4;100;19;	5;100;0;	7;100;0;	8;140;26;	9;100;5599;	10;100;0;	12;100;19;	192;100;248;	193;100;248;	194;230;154620330010;	196;100;0;	197;100;0;	198;100;0;	199;200;0;
2015-05-21 22:54:52;	1;100;0;	2;136;80;	3;143;38682362306;	4;100;19;	5;100;0;	7;100;0;	8;140;26;	9;100;5600;	10;100;0;	12;100;19;	192;100;248;	193;100;248;	194;230;154620330010;	196;100;0;	197;100;0;	198;100;0;	199;200;0;
2015-05-21 23:24:52;	1;100;0;	2;136;80;	3;143;38682362306;	4;100;19;	5;100;0;	7;100;0;	8;140;26;	9;100;5600;	10;100;0;	12;100;19;	192;100;248;	193;100;248;	194;230;154620330010;	196;100;0;	197;100;0;	198;100;0;	199;200;0;
2015-05-21 23:54:52;	1;100;0;	2;136;80;	3;143;38682362306;	4;100;19;	5;100;0;	7;100;0;	8;140;26;	9;100;5601;	10;100;0;	12;100;19;	192;100;248;	193;100;248;	194;230;154620330010;	196;100;0;	197;100;0;	198;100;0;	199;200;0;
2015-05-22 00:24:52;	1;100;0;	2;136;80;	3;143;38682362306;	4;100;19;	5;100;0;	7;100;0;	8;140;26;	9;100;5601;	10;100;0;	12;100;19;	192;100;248;	193;100;248;	194;230;154620330010;	196;100;0;	197;100;0;	198;100;0;	199;200;0;
2015-05-22 00:54:52;	1;100;0;	2;136;80;	3;143;38682362306;	4;100;19;	5;100;0;	7;100;0;	8;140;26;	9;100;5602;	10;100;0;	12;100;19;	192;100;248;	193;100;248;	194;230;154620330010;	196;100;0;	197;100;0;	198;100;0;	199;200;0;
2015-05-22 01:24:52;	1;100;0;	2;136;80;	3;143;38682362306;	4;100;19;	5;100;0;	7;100;0;	8;140;26;	9;100;5602;	10;100;0;	12;100;19;	192;100;248;	193;100;248;	194;230;154620330010;	196;100;0;	197;100;0;	198;100;0;	199;200;0;
2015-05-22 01:54:52;	1;100;0;	2;136;80;	3;143;38682362306;	4;100;19;	5;100;0;	7;100;0;	8;140;26;	9;100;5603;	10;100;0;	12;100;19;	192;100;248;	193;100;248;	194;230;154620330010;	196;100;0;	197;100;0;	198;100;0;	199;200;0;
2015-05-22 02:24:52;	1;100;0;	2;136;80;	3;143;38682362306;	4;100;19;	5;100;0;	7;100;0;	8;140;26;	9;100;5603;	10;100;0;	12;100;19;	192;100;248;	193;100;248;	194;230;154620330010;	196;100;0;	197;100;0;	198;100;0;	199;200;0;
2015-05-22 02:54:52;	1;100;0;	2;136;80;	3;143;38682362306;	4;100;19;	5;100;0;	7;100;0;	8;140;26;	9;100;5604;	10;100;0;	12;100;19;	192;100;248;	193;100;248;	194;230;154620330010;	196;100;0;	197;100;0;	198;100;0;	199;200;0;
2015-05-22 03:24:52;	1;100;0;	2;136;80;	3;143;38682362306;	4;100;19;	5;100;0;	7;100;0;	8;140;26;	9;100;5604;	10;100;0;	12;100;19;	192;100;248;	193;100;248;	194;230;154620330010;	196;100;0;	197;100;0;	198;100;0;	199;200;0;
2015-05-22 03:54:52;	1;100;0;	2;136;80;	3;143;38682362306;	4;100;19;	5;100;0;	7;100;0;	8;140;26;	9;100;5605;	10;100;0;	12;100;19;	192;100;248;	193;100;248;	194;230;154620330010;	196;100;0;	197;100;0;	198;100;0;	199;200;0;
2015-05-22 04:24:52;	1;100;0;	2;136;80;	3;143;38682362306;	4;100;19;	5;100;0;	7;100;0;	8;140;26;	9;100;5605;	10;100;0;	12;100;19;	192;100;248;	193;100;248;	194;230;154620330010;	196;100;0;	197;100;0;	198;100;0;	199;200;0;
2015-05-22 04:54:52;	1;100;0;	2;136;80;	3;143;38682362306;	4;100;19;	5;100;0;	7;100;0;	8;140;26;	9;100;5606;	10;100;0;	12;100;19;	192;100;248;	193;100;248;	194;230;154620330010;	196;100;0;	197;100;0;	198;100;0;	199;200;0;
2015-05-22 05:24:52;	1;100;0;	2;136;80;	3;143;38682362306;	4;100;19;	5;100;0;	7;100;0;	8;140;26;	9;100;5606;	10;100;0;	12;100;19;	192;100;248;	193;100;248;	194;230;154620330010;	196;100;0;	197;100;0;	198;100;0;	199;200;0;
2015-05-22 05:54:52;	1;100;0;	2;136;80;	3;143;38682362306;	4;100;19;	5;100;0;	7;100;0;	8;140;26;	9;100;5607;	10;100;0;	12;100;19;	192;100;248;	193;100;248;	194;230;154620330010;	196;100;0;	197;100;0;	198;100;0;	199;200;0;
2015-05-22 06:24:52;	1;100;0;	2;136;80;	3;143;38682362306;	4;100;19;	5;100;0;	7;100;0;	8;140;26;	9;100;5607;	10;100;0;	12;100;19;	192;100;248;	193;100;248;	194;230;154620330010;	196;100;0;	197;100;0;	198;100;0;	199;200;0;
2015-05-22 06:54:52;	1;100;0;	2;136;80;	3;143;38682362306;	4;100;19;	5;100;0;	7;100;0;	8;140;26;	9;100;5608;	10;100;0;	12;100;19;	192;100;248;	193;100;248;	194;230;154620330010;	196;100;0;	197;100;0;	198;100;0;	199;200;0;
2015-05-22 07:24:52;	1;100;0;	2;136;80;	3;143;38682362306;	4;100;19;	5;100;0;	7;100;0;	8;140;26;	9;100;5608;	10;100;0;	12;100;19;	192;100;248;	193;100;248;	194;230;154620330010;	196;100;0;	197;100;0;	198;100;0;	199;200;0;
2015-05-22 07:54:52;	1;100;0;	2;137;79;	3;143;38682362306;	4;100;19;	5;100;0;	7;100;0;	8;140;26;	9;100;5609;	10;100;0;	12;100;19;	192;100;248;	193;100;248;	194;222;154620330011;	196;100;0;	197;100;0;	198;100;0;	199;200;0;
2015-05-22 08:24:52;	1;100;0;	2;137;79;	3;143;38682362306;	4;100;19;	5;100;0;	7;100;0;	8;140;26;	9;100;5609;	10;100;0;	12;100;19;	192;100;248;	193;100;248;	194;222;154620330011;	196;100;0;	197;100;0;	198;100;0;	199;200;0;
2015-05-22 08:54:52;	1;100;0;	2;137;79;	3;143;38682362306;	4;100;19;	5;100;0;	7;100;0;	8;140;26;	9;100;5610;	10;100;0;	12;100;19;	192;100;248;	193;100;248;	194;222;154620330011;	196;100;0;	197;100;0;	198;100;0;	199;200;0;
2015-05-22 09:24:52;	1;100;0;	2;137;79;	3;143;38682362306;	4;100;19;	5;100;0;	7;100;0;	8;140;26;	9;100;5610;	10;100;0;	12;100;19;	192;100;248;	193;100;248;	194;214;154620330012;	196;100;0;	197;100;0;	198;100;0;	199;200;0;
2015-05-22 09:54:52;	1;100;0;	2;137;79;	3;143;38682362306;	4;100;19;	5;100;0;	7;100;0;	8;140;26;	9;100;5611;	10;100;0;	12;100;19;	192;100;249;	193;100;249;	194;214;154620330012;	196;100;0;	197;100;0;	198;100;0;	199;200;0;
2015-05-22 10:24:52;	1;100;0;	2;137;79;	3;143;38682362306;	4;100;19;	5;100;0;	7;100;0;	8;140;26;	9;100;5611;	10;100;0;	12;100;19;	192;100;249;	193;100;249;	194;206;154620330013;	196;100;0;	197;100;0;	198;100;0;	199;200;0;
2015-05-22 10:54:52;	1;100;0;	2;137;79;	3;143;38682362306;	4;100;19;	5;100;0;	7;100;0;	8;140;26;	9;100;5612;	10;100;0;	12;100;19;	192;100;249;	193;100;249;	194;206;154620330013;	196;100;0;	197;100;0;	198;100;0;	199;200;0;
2015-05-22 11:24:52;	1;100;0;	2;137;79;	3;143;38682362306;	4;100;19;	5;100;0;	7;100;0;	8;140;26;	9;100;5612;	10;100;0;	12;100;19;	192;100;249;	193;100;249;	194;206;154620330013;	196;100;0;	197;100;0;	198;100;0;	199;200;0;
2015-05-22 11:54:52;	1;100;0;	2;137;79;	3;143;38682362306;	4;100;19;	5;100;0;	7;100;0;	8;140;26;	9;100;5613;	10;100;0;	12;100;19;	192;100;249;	193;100;249;	194;206;154620330013;	196;100;0;	197;100;0;	198;100;0;	199;200;0;
2015-05-22 12:24:52;	1;100;0;	2;137;79;	3;143;38682362306;	4;100;19;	5;100;0;	7;100;0;	8;140;26;	9;100;5613;	10;100;0;	12;100;19;	192;100;249;	193;100;249;	194;200;154620330014;	196;100;0;	197;100;0;	198;100;0;	199;200;0;
2015-05-22 12:54:52;	1;100;0;	2;137;79;	3;143;38682362306;	4;100;19;	5;100;0;	7;100;0;	8;140;26;	9;100;5614;	10;100;0;	12;100;19;	192;100;249;	193;100;249;	194;200;154620330014;	196;100;0;	197;100;0;	198;100;0;	199;200;0;
2015-05-22 13:24:52;	1;100;0;	2;137;79;	3;143;38682362306;	4;100;19;	5;100;0;	7;100;0;	8;140;26;	9;100;5614;	10;100;0;	12;100;19;	192;100;249;	193;100;249;	194;200;154620330014;	196;100;0;	197;100;0;	198;100;0;	199;200;0;
2015-05-22 13:54:51;	1;100;0;	2;137;79;	3;143;38682362306;	4;100;19;	5;100;0;	7;100;0;	8;140;26;	9;100;5615;	10;100;0;	12;100;19;	192;100;249;	193;100;249;	194;200;154620330014;	196;100;0;	197;100;0;	198;100;0;	199;200;0;
2015-05-22 14:24:52;	1;100;0;	2;137;79;	3;143;38682362306;	4;100;19;	5;100;0;	7;100;0;	8;140;26;	9;100;5615;	10;100;0;	12;100;19;	192;100;249;	193;100;249;	194;200;154620330014;	196;100;0;	197;100;0;	198;100;0;	199;200;0;
2015-05-22 14:54:52;	1;100;0;	2;137;79;	3;143;38682362306;	4;100;19;	5;100;0;	7;100;0;	8;140;26;	9;100;5616;	10;100;0;	12;100;19;	192;100;249;	193;100;249;	194;200;154620330014;	196;100;0;	197;100;0;	198;100;0;	199;200;0;
2015-05-22 15:24:52;	1;100;0;	2;137;79;	3;143;38682362306;	4;100;19;	5;100;0;	7;100;0;	8;140;26;	9;100;5616;	10;100;0;	12;100;19;	192;100;249;	193;100;249;	194;200;154620330014;	196;100;0;	197;100;0;	198;100;0;	199;200;0;
2015-05-22 15:54:52;	1;100;0;	2;137;79;	3;143;38682362306;	4;100;19;	5;100;0;	7;100;0;	8;140;26;	9;100;5617;	10;100;0;	12;100;19;	192;100;249;	193;100;249;	194;200;154620330014;	196;100;0;	197;100;0;	198;100;0;	199;200;0;
2015-05-22 16:24:52;	1;100;0;	2;137;79;	3;143;38682362306;	4;100;19;	5;100;0;	7;100;0;	8;140;26;	9;100;5617;	10;100;0;	12;100;19;	192;100;249;	193;100;249;	194;200;154620330014;	196;100;0;	197;100;0;	198;100;0;	199;200;0;
2015-05-22 16:54:52;	1;100;0;	2;137;79;	3;143;38682362306;	4;100;19;	5;100;0;	7;100;0;	8;140;26;	9;100;5618;	10;100;0;	12;100;19;	192;100;249;	193;100;249;	194;206;154620330013;	196;100;0;	197;100;0;	198;100;0;	199;200;0;
2015-05-22 17:24:52;	1;100;0;	2;137;79;	3;143;38682362306;	4;100;19;	5;100;0;	7;100;0;	8;140;26;	9;100;5618;	10;100;0;	12;100;19;	192;100;249;	193;100;249;	194;206;154620330013;	196;100;0;	197;100;0;	198;100;0;	199;200;0;
2015-05-22 17:54:52;	1;100;0;	2;137;79;	3;143;38682362306;	4;100;19;	5;100;0;	7;100;0;	8;140;26;	9;100;5619;	10;100;0;	12;100;19;	192;100;249;	193;100;249;	194;206;154620330013;	196;100;0;	197;100;0;	198;100;0;	199;200;0;
2015-05-22 18:24:52;	1;100;0;	2;137;79;	3;143;38682362306;	4;100;19;	5;100;0;	7;100;0;	8;140;26;	9;100;5619;	10;100;0;	12;100;19;	192;100;249;	193;100;249;	194;214;154620330012;	196;100;0;	197;100;0;	198;100;0;	199;200;0;
2015-05-22 18:54:52;	1;100;0;	2;137;79;	3;143;38682362306;	4;100;19;	5;100;0;	7;100;0;	8;140;26;	9;100;5620;	10;100;0;	12;100;19;	192;100;249;	193;100;249;	194;214;154620330012;	196;100;0;	197;100;0;	198;100;0;	199;200;0;
2015-05-22 19:24:52;	1;100;0;	2;137;79;	3;143;38682362306;	4;100;19;	5;100;0;	7;100;0;	8;140;26;	9;100;5620;	10;100;0;	12;100;19;	192;100;249;	193;100;249;	194;214;154620330012;	196;100;0;	197;100;0;	198;100;0;	199;200;0;
2015-05-22 19:54:52;	1;100;0;	2;137;79;	3;143;38682362306;	4;100;19;	5;100;0;	7;100;0;	8;140;26;	9;100;5621;	10;100;0;	12;100;19;	192;100;249;	193;100;249;	194;214;154620330012;	196;100;0;	197;100;0;	198;100;0;	199;200;0;
2015-05-22 20:24:52;	1;100;0;	2;137;79;	3;143;38682362306;	4;100;19;	5;100;0;	7;100;0;	8;140;26;	9;100;5621;	10;100;0;	12;100;19;	192;100;249;	193;100;249;	194;222;154620330011;	196;100;0;	197;100;0;	198;100;0;	199;200;0;
2015-05-22 20:54:52;	1;100;0;	2;137;79;	3;143;38682362306;	4;100;19;	5;100;0;	7;100;0;	8;140;26;	9;100;5622;	10;100;0;	12;100;19;	192;100;249;	193;100;249;	194;222;154620330011;	196;100;0;	197;100;0;	198;100;0;	199;200;0;
2015-05-22 21:24:52;	1;100;0;	2;137;79;	3;143;38682362306;	4;100;19;	5;100;0;	7;100;0;	8;140;26;	9;100;5622;	10;100;0;	12;100;19;	192;100;249;	193;100;249;	194;222;154620330011;	196;100;0;	197;100;0;	198;100;0;	199;200;0;
2015-05-22 21:54:52;	1;100;0;	2;137;79;	3;143;38682362306;	4;100;19;	5;100;0;	7;100;0;	8;140;26;	9;100;5623;	10;100;0;	12;100;19;	192;100;249;	193;100;249;	194;222;154620330011;	196;100;0;	197;100;0;	198;100;0;	199;200;0;
2015-05-22 22:24:52;	1;100;0;	2;137;79;	3;143;38682362306;	4;100;19;	5;100;0;	7;100;0;	8;140;26;	9;100;5623;	10;100;0;	12;100;19;	192;100;249;	193;100;249;	194;222;154620330011;	196;100;0;	197;100;0;	198;100;0;	199;200;0;
2015-05-22 22:54:52;	1;100;0;	2;137;79;	3;143;38682362306;	4;100;19;	5;100;0;	7;100;0;	8;140;26;	9;100;5624;	10;100;0;	12;100;19;	192;100;249;	193;100;249;	194;222;154620330011;	196;100;0;	197;100;0;	198;100;0;	199;200;0;
2015-05-22 23:24:52;	1;100;0;	2;137;79;	3;143;38682362306;	4;100;19;	5;100;0;	7;100;0;	8;140;26;	9;100;5624;	10;100;0;	12;100;19;	192;100;249;	193;100;249;	194;222;154620330011;	196;100;0;	197;100;0;	198;100;0;	199;200;0;
2015-05-22 23:54:52;	1;100;0;	2;137;79;	3;143;38682362306;	4;100;19;	5;100;0;	7;100;0;	8;140;26;	9;100;5625;	10;100;0;	12;100;19;	192;100;249;	193;100;249;	194;222;154620330011;	196;100;0;	197;100;0;	198;100;0;	199;200;0;
2015-05-23 00:24:52;	1;100;0;	2;137;79;	3;143;38682362306;	4;100;19;	5;100;0;	7;100;0;	8;140;26;	9;100;5625;	10;100;0;	12;100;19;	192;100;249;	193;100;249;	194;222;154620330011;	196;100;0;	197;100;0;	198;100;0;	199;200;0;
2015-05-23 00:54:52;	1;100;0;	2;137;79;	3;143;38682362306;	4;100;19;	5;100;0;	7;100;0;	8;140;26;	9;100;5626;	10;100;0;	12;100;19;	192;100;249;	193;100;249;	194;222;154620330011;	196;100;0;	197;100;0;	198;100;0;	199;200;0;
2015-05-23 01:24:52;	1;100;0;	2;137;79;	3;143;38682362306;	4;100;19;	5;100;0;	7;100;0;	8;140;26;	9;100;5626;	10;100;0;	12;100;19;	192;100;249;	193;100;249;	194;222;154620330011;	196;100;0;	197;100;0;	198;100;0;	199;200;0;
2015-05-23 01:54:52;	1;100;0;	2;137;79;	3;143;38682362306;	4;100;19;	5;100;0;	7;100;0;	8;140;26;	9;100;5627;	10;100;0;	12;100;19;	192;100;249;	193;100;249;	194;222;154620330011;	196;100;0;	197;100;0;	198;100;0;	199;200;0;
2015-05-23 02:24:52;	1;100;0;	2;137;79;	3;143;38682362306;	4;100;19;	5;100;0;	7;100;0;	8;140;26;	9;100;5627;	10;100;0;	12;100;19;	192;100;249;	193;100;249;	194;222;154620330011;	196;100;0;	197;100;0;	198;100;0;	199;200;0;
2015-05-23 02:54:52;	1;100;0;	2;137;79;	3;143;38682362306;	4;100;19;	5;100;0;	7;100;0;	8;140;26;	9;100;5628;	10;100;0;	12;100;19;	192;100;249;	193;100;249;	194;222;154620330011;	196;100;0;	197;100;0;	198;100;0;	199;200;0;
2015-05-23 03:24:52;	1;100;0;	2;137;79;	3;143;38682362306;	4;100;19;	5;100;0;	7;100;0;	8;140;26;	9;100;5628;	10;100;0;	12;100;19;	192;100;249;	193;100;249;	194;222;154620330011;	196;100;0;	197;100;0;	198;100;0;	199;200;0;
2015-05-23 03:54:52;	1;100;0;	2;137;79;	3;143;38682362306;	4;100;19;	5;100;0;	7;100;0;	8;140;26;	9;100;5629;	10;100;0;	12;100;19;	192;100;249;	193;100;249;	194;222;154620330011;	196;100;0;	197;100;0;	198;100;0;	199;200;0;
2015-05-23 04:24:52;	1;100;0;	2;137;79;	3;143;38682362306;	4;100;19;	5;100;0;	7;100;0;	8;140;26;	9;100;5629;	10;100;0;	12;100;19;	192;100;249;	193;100;249;	194;222;154620330011;	196;100;0;	197;100;0;	198;100;0;	199;200;0;
2015-05-23 04:54:52;	1;100;0;	2;137;79;	3;143;38682362306;	4;100;19;	5;100;0;	7;100;0;	8;140;26;	9;100;5630;	10;100;0;	12;100;19;	192;100;249;	193;100;249;	194;222;154620330011;	196;100;0;	197;100;0;	198;100;0;	199;200;0;
2015-05-23 05:24:51;	1;100;0;	2;137;79;	3;143;38682362306;	4;100;19;	5;100;0;	7;100;0;	8;140;26;	9;100;5630;	10;100;0;	12;100;19;	192;100;249;	193;100;249;	194;222;154620330011;	196;100;0;	197;100;0;	198;100;0;	199;200;0;
2015-05-23 05:54:52;	1;100;0;	2;137;79;	3;143;38682362306;	4;100;19;	5;100;0;	7;100;0;	8;140;26;	9;100;5631;	10;100;0;	12;100;19;	192;100;249;	193;100;249;	194;222;154620330011;	196;100;0;	197;100;0;	198;100;0;	199;200;0;
2015-05-23 06:24:52;	1;100;0;	2;137;79;	3;143;38682362306;	4;100;19;	5;100;0;	7;100;0;	8;140;26;	9;100;5631;	10;100;0;	12;100;19;	192;100;249;	193;100;249;	194;222;154620330011;	196;100;0;	197;100;0;	198;100;0;	199;200;0;
2015-05-23 06:54:52;	1;100;0;	2;137;79;	3;143;38682362306;	4;100;19;	5;100;0;	7;100;0;	8;140;26;	9;100;5632;	10;100;0;	12;100;19;	192;100;249;	193;100;249;	194;222;154620330011;	196;100;0;	197;100;0;	198;100;0;	199;200;0;
2015-05-23 07:24:52;	1;100;0;	2;137;79;	3;143;38682362306;	4;100;19;	5;100;0;	7;100;0;	8;140;26;	9;100;5632;	10;100;0;	12;100;19;	192;100;249;	193;100;249;	194;222;154620330011;	196;100;0;	197;100;0;	198;100;0;	199;200;0;
2015-05-23 07:54:52;	1;100;0;	2;137;79;	3;143;38682362306;	4;100;19;	5;100;0;	7;100;0;	8;140;26;	9;100;5633;	10;100;0;	12;100;19;	192;100;249;	193;100;249;	194;222;154620330011;	196;100;0;	197;100;0;	198;100;0;	199;200;0;
2015-05-23 08:24:52;	1;100;0;	2;137;79;	3;143;38682362306;	4;100;19;	5;100;0;	7;100;0;	8;140;26;	9;100;5633;	10;100;0;	12;100;19;	192;100;249;	193;100;249;	194;222;154620330011;	196;100;0;	197;100;0;	198;100;0;	199;200;0;
2015-05-23 08:54:52;	1;100;0;	2;137;79;	3;143;38682362306;	4;100;19;	5;100;0;	7;100;0;	8;138;27;	9;100;5634;	10;100;0;	12;100;19;	192;100;249;	193;100;249;	194;222;154620330011;	196;100;0;	197;100;0;	198;100;0;	199;200;0;
2015-05-23 09:24:52;	1;100;0;	2;137;79;	3;143;38682362306;	4;100;19;	5;100;0;	7;100;0;	8;138;27;	9;100;5634;	10;100;0;	12;100;19;	192;100;249;	193;100;249;	194;222;154620330011;	196;100;0;	197;100;0;	198;100;0;	199;200;0;
2015-05-23 09:54:52;	1;100;0;	2;137;79;	3;143;38682362306;	4;100;19;	5;100;0;	7;100;0;	8;138;27;	9;100;5635;	10;100;0;	12;100;19;	192;100;250;	193;100;250;	194;222;154620330011;	196;100;0;	197;100;0;	198;100;0;	199;200;0;
2015-05-23 10:24:52;	1;100;0;	2;137;79;	3;143;38682362306;	4;100;19;	5;100;0;	7;100;0;	8;138;27;	9;100;5635;	10;100;0;	12;100;19;	192;100;250;	193;100;250;	194;222;154620330011;	196;100;0;	197;100;0;	198;100;0;	199;200;0;
2015-05-23 10:54:52;	1;100;0;	2;137;79;	3;143;38682362306;	4;100;19;	5;100;0;	7;100;0;	8;138;27;	9;100;5636;	10;100;0;	12;100;19;	192;100;250;	193;100;250;	194;222;154620330011;	196;100;0;	197;100;0;	198;100;0;	199;200;0;
2015-05-23 11:24:52;	1;100;0;	2;137;79;	3;143;38682362306;	4;100;19;	5;100;0;	7;100;0;	8;138;27;	9;100;5636;	10;100;0;	12;100;19;	192;100;250;	193;100;250;	194;222;154620330011;	196;100;0;	197;100;0;	198;100;0;	199;200;0;
2015-05-23 11:54:52;	1;100;0;	2;137;79;	3;143;38682362306;	4;100;19;	5;100;0;	7;100;0;	8;138;27;	9;100;5637;	10;100;0;	12;100;19;	192;100;250;	193;100;250;	194;222;154620330011;	196;100;0;	197;100;0;	198;100;0;	199;200;0;
2015-05-23 12:24:52;	1;100;0;	2;137;79;	3;143;38682362306;	4;100;19;	5;100;0;	7;100;0;	8;138;27;	9;100;5637;	10;100;0;	12;100;19;	192;100;250;	193;100;250;	194;222;154620330011;	196;100;0;	197;100;0;	198;100;0;	199;200;0;
2015-05-23 12:54:52;	1;100;0;	2;137;79;	3;143;38682362306;	4;100;19;	5;100;0;	7;100;0;	8;138;27;	9;100;5638;	10;100;0;	12;100;19;	192;100;250;	193;100;250;	194;222;154620330011;	196;100;0;	197;100;0;	198;100;0;	199;200;0;
2015-05-23 13:24:52;	1;100;0;	2;137;79;	3;143;38682362306;	4;100;19;	5;100;0;	7;100;0;	8;138;27;	9;100;5638;	10;100;0;	12;100;19;	192;100;250;	193;100;250;	194;222;154620330011;	196;100;0;	197;100;0;	198;100;0;	199;200;0;
2015-05-23 13:54:52;	1;100;0;	2;137;79;	3;143;38682362306;	4;100;19;	5;100;0;	7;100;0;	8;138;27;	9;100;5639;	10;100;0;	12;100;19;	192;100;250;	193;100;250;	194;222;154620330011;	196;100;0;	197;100;0;	198;100;0;	199;200;0;
2015-05-23 14:24:52;	1;100;0;	2;137;79;	3;143;38682362306;	4;100;19;	5;100;0;	7;100;0;	8;138;27;	9;100;5639;	10;100;0;	12;100;19;	192;100;250;	193;100;250;	194;214;154620330012;	196;100;0;	197;100;0;	198;100;0;	199;200;0;
2015-05-23 14:54:52;	1;100;0;	2;137;79;	3;143;38682362306;	4;100;19;	5;100;0;	7;100;0;	8;138;27;	9;100;5640;	10;100;0;	12;100;19;	192;100;250;	193;100;250;	194;214;154620330012;	196;100;0;	197;100;0;	198;100;0;	199;200;0;
2015-05-23 15:24:52;	1;100;0;	2;137;79;	3;143;38682362306;	4;100;19;	5;100;0;	7;100;0;	8;138;27;	9;100;5640;	10;100;0;	12;100;19;	192;100;250;	193;100;250;	194;214;154620330012;	196;100;0;	197;100;0;	198;100;0;	199;200;0;
2015-05-23 15:54:52;	1;100;0;	2;137;79;	3;143;38682362306;	4;100;19;	5;100;0;	7;100;0;	8;138;27;	9;100;5641;	10;100;0;	12;100;19;	192;100;250;	193;100;250;	194;214;154620330012;	196;100;0;	197;100;0;	198;100;0;	199;200;0;
2015-05-23 16:24:52;	1;100;0;	2;137;79;	3;143;38682362306;	4;100;19;	5;100;0;	7;100;0;	8;138;27;	9;100;5641;	10;100;0;	12;100;19;	192;100;250;	193;100;250;	194;214;154620330012;	196;100;0;	197;100;0;	198;100;0;	199;200;0;
2015-05-23 16:54:52;	1;100;0;	2;137;79;	3;143;38682362306;	4;100;19;	5;100;0;	7;100;0;	8;138;27;	9;100;5642;	10;100;0;	12;100;19;	192;100;250;	193;100;250;	194;222;154620330011;	196;100;0;	197;100;0;	198;100;0;	199;200;0;
2015-05-23 17:24:52;	1;100;0;	2;137;79;	3;143;38682362306;	4;100;19;	5;100;0;	7;100;0;	8;138;27;	9;100;5642;	10;100;0;	12;100;19;	192;100;250;	193;100;250;	194;222;154620330011;	196;100;0;	197;100;0;	198;100;0;	199;200;0;
2015-05-23 17:54:52;	1;100;0;	2;137;79;	3;143;38682362306;	4;100;19;	5;100;0;	7;100;0;	8;138;27;	9;100;5643;	10;100;0;	12;100;19;	192;100;250;	193;100;250;	194;222;154620330011;	196;100;0;	197;100;0;	198;100;0;	199;200;0;
2015-05-23 18:24:52;	1;100;0;	2;137;79;	3;143;38682362306;	4;100;19;	5;100;0;	7;100;0;	8;138;27;	9;100;5643;	10;100;0;	12;100;19;	192;100;250;	193;100;250;	194;222;154620330011;	196;100;0;	197;100;0;	198;100;0;	199;200;0;
2015-05-23 18:54:52;	1;100;0;	2;137;79;	3;143;38682362306;	4;100;19;	5;100;0;	7;100;0;	8;138;27;	9;100;5644;	10;100;0;	12;100;19;	192;100;250;	193;100;250;	194;222;154620330011;	196;100;0;	197;100;0;	198;100;0;	199;200;0;
2015-05-23 19:24:52;	1;100;0;	2;137;79;	3;143;38682362306;	4;100;19;	5;100;0;	7;100;0;	8;138;27;	9;100;5644;	10;100;0;	12;100;19;	192;100;250;	193;100;250;	194;222;154620330011;	196;100;0;	197;100;0;	198;100;0;	199;200;0;
2015-05-23 19:54:52;	1;100;0;	2;137;79;	3;143;38682362306;	4;100;19;	5;100;0;	7;100;0;	8;138;27;	9;100;5645;	10;100;0;	12;100;19;	192;100;250;	193;100;250;	194;222;154620330011;	196;100;0;	197;100;0;	198;100;0;	199;200;0;
2015-05-23 20:24:52;	1;100;0;	2;137;79;	3;143;38682362306;	4;100;19;	5;100;0;	7;100;0;	8;138;27;	9;100;5645;	10;100;0;	12;100;19;	192;100;250;	193;100;250;	194;230;154620330010;	196;100;0;	197;100;0;	198;100;0;	199;200;0;
2015-05-23 20:54:52;	1;100;0;	2;137;79;	3;143;38682362306;	4;100;19;	5;100;0;	7;100;0;	8;138;27;	9;100;5646;	10;100;0;	12;100;19;	192;100;250;	193;100;250;	194;230;154620330010;	196;100;0;	197;100;0;	198;100;0;	199;200;0;
2015-05-23 21:24:52;	1;100;0;	2;137;79;	3;143;38682362306;	4;100;19;	5;100;0;	7;100;0;	8;138;27;	9;100;5646;	10;100;0;	12;100;19;	192;100;250;	193;100;250;	194;230;154620330010;	196;100;0;	197;100;0;	198;100;0;	199;200;0;
2015-05-23 21:54:51;	1;100;0;	2;137;79;	3;143;38682362306;	4;100;19;	5;100;0;	7;100;0;	8;138;27;	9;100;5647;	10;100;0;	12;100;19;	192;100;250;	193;100;250;	194;230;154620330010;	196;100;0;	197;100;0;	198;100;0;	199;200;0;
2015-05-23 22:24:52;	1;100;0;	2;137;79;	3;143;38682362306;	4;100;19;	5;100;0;	7;100;0;	8;138;27;	9;100;5647;	10;100;0;	12;100;19;	192;100;250;	193;100;250;	194;230;154620330010;	196;100;0;	197;100;0;	198;100;0;	199;200;0;
2015-05-23 22:54:52;	1;100;0;	2;137;79;	3;143;38682362306;	4;100;19;	5;100;0;	7;100;0;	8;138;27;	9;100;5648;	10;100;0;	12;100;19;	192;100;250;	193;100;250;	194;230;154620330010;	196;100;0;	197;100;0;	198;100;0;	199;200;0;
2015-05-23 23:24:52;	1;100;0;	2;137;79;	3;143;38682362306;	4;100;19;	5;100;0;	7;100;0;	8;138;27;	9;100;5648;	10;100;0;	12;100;19;	192;100;250;	193;100;250;	194;230;154620330010;	196;100;0;	197;100;0;	198;100;0;	199;200;0;
2015-05-23 23:54:52;	1;100;0;	2;137;79;	3;143;38682362306;	4;100;19;	5;100;0;	7;100;0;	8;138;27;	9;100;5649;	10;100;0;	12;100;19;	192;100;250;	193;100;250;	194;230;154620330010;	196;100;0;	197;100;0;	198;100;0;	199;200;0;
2015-05-24 00:24:52;	1;100;0;	2;137;79;	3;143;38682362306;	4;100;19;	5;100;0;	7;100;0;	8;138;27;	9;100;5649;	10;100;0;	12;100;19;	192;100;250;	193;100;250;	194;230;154620330010;	196;100;0;	197;100;0;	198;100;0;	199;200;0;
2015-05-24 00:54:52;	1;100;0;	2;137;79;	3;143;38682362306;	4;100;19;	5;100;0;	7;100;0;	8;138;27;	9;100;5650;	10;100;0;	12;100;19;	192;100;250;	193;100;250;	194;230;154620330010;	196;100;0;	197;100;0;	198;100;0;	199;200;0;
2015-05-24 01:24:52;	1;100;0;	2;137;79;	3;143;38682362306;	4;100;19;	5;100;0;	7;100;0;	8;138;27;	9;100;5650;	10;100;0;	12;100;19;	192;100;250;	193;100;250;	194;230;154620330010;	196;100;0;	197;100;0;	198;100;0;	199;200;0;
2015-05-24 01:54:52;	1;100;0;	2;137;79;	3;143;38682362306;	4;100;19;	5;100;0;	7;100;0;	8;138;27;	9;100;5651;	10;100;0;	12;100;19;	192;100;250;	193;100;250;	194;230;154620330010;	196;100;0;	197;100;0;	198;100;0;	199;200;0;
2015-05-24 02:24:52;	1;100;0;	2;137;79;	3;143;38682362306;	4;100;19;	5;100;0;	7;100;0;	8;138;27;	9;100;5651;	10;100;0;	12;100;19;	192;100;250;	193;100;250;	194;230;154620330010;	196;100;0;	197;100;0;	198;100;0;	199;200;0;
2015-05-24 02:54:52;	1;100;0;	2;137;79;	3;143;38682362306;	4;100;19;	5;100;0;	7;100;0;	8;138;27;	9;100;5652;	10;100;0;	12;100;19;	192;100;250;	193;100;250;	194;230;154620330010;	196;100;0;	197;100;0;	198;100;0;	199;200;0;
2015-05-24 03:24:52;	1;100;0;	2;137;79;	3;143;38682362306;	4;100;19;	5;100;0;	7;100;0;	8;138;27;	9;100;5652;	10;100;0;	12;100;19;	192;100;250;	193;100;250;	194;240;154620330009;	196;100;0;	197;100;0;	198;100;0;	199;200;0;
2015-05-24 03:54:52;	1;100;0;	2;137;79;	3;143;38682362306;	4;100;19;	5;100;0;	7;100;0;	8;138;27;	9;100;5653;	10;100;0;	12;100;19;	192;100;250;	193;100;250;	194;240;154620330009;	196;100;0;	197;100;0;	198;100;0;	199;200;0;
2015-05-24 04:24:52;	1;100;0;	2;137;79;	3;143;38682362306;	4;100;19;	5;100;0;	7;100;0;	8;138;27;	9;100;5653;	10;100;0;	12;100;19;	192;100;250;	193;100;250;	194;240;154620330009;	196;100;0;	197;100;0;	198;100;0;	199;200;0;
2015-05-24 04:54:52;	1;100;0;	2;137;79;	3;143;38682362306;	4;100;19;	5;100;0;	7;100;0;	8;138;27;	9;100;5654;	10;100;0;	12;100;19;	192;100;250;	193;100;250;	194;240;154620330009;	196;100;0;	197;100;0;	198;100;0;	199;200;0;
2015-05-24 05:24:52;	1;100;0;	2;137;79;	3;143;38682362306;	4;100;19;	5;100;0;	7;100;0;	8;138;27;	9;100;5654;	10;100;0;	12;100;19;	192;100;250;	193;100;250;	194;240;154620330009;	196;100;0;	197;100;0;	198;100;0;	199;200;0;
2015-05-24 05:54:52;	1;100;0;	2;137;79;	3;143;38682362306;	4;100;19;	5;100;0;	7;100;0;	8;138;27;	9;100;5655;	10;100;0;	12;100;19;	192;100;250;	193;100;250;	194;230;154620330010;	196;100;0;	197;100;0;	198;100;0;	199;200;0;
2015-05-24 06:24:52;	1;100;0;	2;137;79;	3;143;38682362306;	4;100;19;	5;100;0;	7;100;0;	8;138;27;	9;100;5655;	10;100;0;	12;100;19;	192;100;250;	193;100;250;	194;230;154620330010;	196;100;0;	197;100;0;	198;100;0;	199;200;0;
2015-05-24 06:54:52;	1;100;0;	2;137;79;	3;143;38682362306;	4;100;19;	5;100;0;	7;100;0;	8;138;27;	9;100;5656;	10;100;0;	12;100;19;	192;100;250;	193;100;250;	194;230;154620330010;	196;100;0;	197;100;0;	198;100;0;	199;200;0;
2015-05-24 07:24:52;	1;100;0;	2;137;79;	3;143;38682362306;	4;100;19;	5;100;0;	7;100;0;	8;138;27;	9;100;5656;	10;100;0;	12;100;19;	192;100;250;	193;100;250;	194;222;154620330011;	196;100;0;	197;100;0;	198;100;0;	199;200;0;
2015-05-24 07:54:52;	1;100;0;	2;137;79;	3;143;38682362306;	4;100;19;	5;100;0;	7;100;0;	8;138;27;	9;100;5657;	10;100;0;	12;100;19;	192;100;250;	193;100;250;	194;222;154620330011;	196;100;0;	197;100;0;	198;100;0;	199;200;0;
2015-05-24 08:24:52;	1;100;0;	2;137;79;	3;143;38682362306;	4;100;19;	5;100;0;	7;100;0;	8;138;27;	9;100;5657;	10;100;0;	12;100;19;	192;100;250;	193;100;250;	194;222;154620330011;	196;100;0;	197;100;0;	198;100;0;	199;200;0;
2015-05-24 08:54:52;	1;100;0;	2;137;79;	3;143;38682362306;	4;100;19;	5;100;0;	7;100;0;	8;138;27;	9;100;5658;	10;100;0;	12;100;19;	192;100;250;	193;100;250;	194;214;154620330012;	196;100;0;	197;100;0;	198;100;0;	199;200;0;
2015-05-24 09:24:52;	1;100;0;	2;137;79;	3;143;38682362306;	4;100;19;	5;100;0;	7;100;0;	8;140;26;	9;100;5658;	10;100;0;	12;100;19;	192;100;250;	193;100;250;	194;214;154620330012;	196;100;0;	197;100;0;	198;100;0;	199;200;0;
2015-05-24 09:54:52;	1;100;0;	2;137;79;	3;143;38682362306;	4;100;19;	5;100;0;	7;100;0;	8;140;26;	9;100;5659;	10;100;0;	12;100;19;	192;100;250;	193;100;250;	194;206;154620330013;	196;100;0;	197;100;0;	198;100;0;	199;200;0;
2015-05-24 10:24:52;	1;100;0;	2;137;79;	3;143;38682362306;	4;100;19;	5;100;0;	7;100;0;	8;140;26;	9;100;5659;	10;100;0;	12;100;19;	192;100;251;	193;100;251;	194;206;154620330013;	196;100;0;	197;100;0;	198;100;0;	199;200;0;
2015-05-24 10:54:52;	1;100;0;	2;137;79;	3;143;38682362306;	4;100;19;	5;100;0;	7;100;0;	8;140;26;	9;100;5660;	10;100;0;	12;100;19;	192;100;251;	193;100;251;	194;206;154620330013;	196;100;0;	197;100;0;	198;100;0;	199;200;0;
2015-05-24 11:24:52;	1;100;0;	2;137;79;	3;143;38682362306;	4;100;19;	5;100;0;	7;100;0;	8;140;26;	9;100;5660;	10;100;0;	12;100;19;	192;100;251;	193;100;251;	194;206;154620330013;	196;100;0;	197;100;0;	198;100;0;	199;200;0;
2015-05-24 11:54:52;	1;100;0;	2;137;79;	3;143;38682362306;	4;100;19;	5;100;0;	7;100;0;	8;140;26;	9;100;5661;	10;100;0;	12;100;19;	192;100;251;	193;100;251;	194;206;154620330013;	196;100;0;	197;100;0;	198;100;0;	199;200;0;
2015-05-24 12:24:52;	1;100;0;	2;137;79;	3;143;38682362306;	4;100;19;	5;100;0;	7;100;0;	8;140;26;	9;100;5661;	10;100;0;	12;100;19;	192;100;251;	193;100;251;	194;200;154620330014;	196;100;0;	197;100;0;	198;100;0;	199;200;0;
2015-05-24 12:54:52;	1;100;0;	2;137;79;	3;143;38682362306;	4;100;19;	5;100;0;	7;100;0;	8;140;26;	9;100;5662;	10;100;0;	12;100;19;	192;100;251;	193;100;251;	194;200;154620330014;	196;100;0;	197;100;0;	198;100;0;	199;200;0;
2015-05-24 13:24:52;	1;100;0;	2;137;79;	3;143;38682362306;	4;100;19;	5;100;0;	7;100;0;	8;140;26;	9;100;5662;	10;100;0;	12;100;19;	192;100;251;	193;100;251;	194;200;154620330014;	196;100;0;	197;100;0;	198;100;0;	199;200;0;
2015-05-24 13:54:52;	1;100;0;	2;137;79;	3;143;38682362306;	4;100;19;	5;100;0;	7;100;0;	8;140;26;	9;100;5663;	10;100;0;	12;100;19;	192;100;251;	193;100;251;	194;200;154620330014;	196;100;0;	197;100;0;	198;100;0;	199;200;0;
2015-05-24 14:24:51;	1;100;0;	2;137;79;	3;143;38682362306;	4;100;19;	5;100;0;	7;100;0;	8;140;26;	9;100;5663;	10;100;0;	12;100;19;	192;100;251;	193;100;251;	194;200;154620330014;	196;100;0;	197;100;0;	198;100;0;	199;200;0;
2015-05-24 14:54:52;	1;100;0;	2;137;79;	3;143;38682362306;	4;100;19;	5;100;0;	7;100;0;	8;140;26;	9;100;5664;	10;100;0;	12;100;19;	192;100;251;	193;100;251;	194;200;154620330014;	196;100;0;	197;100;0;	198;100;0;	199;200;0;
2015-05-24 15:24:52;	1;100;0;	2;137;79;	3;143;38682362306;	4;100;19;	5;100;0;	7;100;0;	8;140;26;	9;100;5664;	10;100;0;	12;100;19;	192;100;251;	193;100;251;	194;200;154620330014;	196;100;0;	197;100;0;	198;100;0;	199;200;0;
2015-05-24 15:54:52;	1;100;0;	2;137;79;	3;143;38682362306;	4;100;19;	5;100;0;	7;100;0;	8;140;26;	9;100;5665;	10;100;0;	12;100;19;	192;100;251;	193;100;251;	194;200;154620330014;	196;100;0;	197;100;0;	198;100;0;	199;200;0;
2015-05-24 16:24:52;	1;100;0;	2;137;79;	3;143;38682362306;	4;100;19;	5;100;0;	7;100;0;	8;140;26;	9;100;5665;	10;100;0;	12;100;19;	192;100;251;	193;100;251;	194;200;154620330014;	196;100;0;	197;100;0;	198;100;0;	199;200;0;
2015-05-24 16:54:52;	1;100;0;	2;137;79;	3;143;38682362306;	4;100;19;	5;100;0;	7;100;0;	8;140;26;	9;100;5666;	10;100;0;	12;100;19;	192;100;251;	193;100;251;	194;206;154620330013;	196;100;0;	197;100;0;	198;100;0;	199;200;0;
2015-05-24 17:24:52;	1;100;0;	2;137;79;	3;143;38682362306;	4;100;19;	5;100;0;	7;100;0;	8;140;26;	9;100;5666;	10;100;0;	12;100;19;	192;100;251;	193;100;251;	194;206;154620330013;	196;100;0;	197;100;0;	198;100;0;	199;200;0;
2015-05-24 17:54:52;	1;100;0;	2;137;79;	3;143;38682362306;	4;100;19;	5;100;0;	7;100;0;	8;140;26;	9;100;5667;	10;100;0;	12;100;19;	192;100;251;	193;100;251;	194;214;154620330012;	196;100;0;	197;100;0;	198;100;0;	199;200;0;
2015-05-24 18:24:52;	1;100;0;	2;137;79;	3;143;38682362306;	4;100;19;	5;100;0;	7;100;0;	8;140;26;	9;100;5667;	10;100;0;	12;100;19;	192;100;251;	193;100;251;	194;214;154620330012;	196;100;0;	197;100;0;	198;100;0;	199;200;0;
2015-05-24 18:54:52;	1;100;0;	2;137;79;	3;143;38682362306;	4;100;19;	5;100;0;	7;100;0;	8;140;26;	9;100;5668;	10;100;0;	12;100;19;	192;100;251;	193;100;251;	194;214;154620330012;	196;100;0;	197;100;0;	198;100;0;	199;200;0;
2015-05-24 19:24:52;	1;100;0;	2;137;79;	3;143;38682362306;	4;100;19;	5;100;0;	7;100;0;	8;140;26;	9;100;5668;	10;100;0;	12;100;19;	192;100;251;	193;100;251;	194;214;154620330012;	196;100;0;	197;100;0;	198;100;0;	199;200;0;
2015-05-24 19:54:52;	1;100;0;	2;137;79;	3;143;38682362306;	4;100;19;	5;100;0;	7;100;0;	8;140;26;	9;100;5669;	10;100;0;	12;100;19;	192;100;251;	193;100;251;	194;222;154620330011;	196;100;0;	197;100;0;	198;100;0;	199;200;0;
2015-05-24 20:24:52;	1;100;0;	2;137;79;	3;143;38682362306;	4;100;19;	5;100;0;	7;100;0;	8;140;26;	9;100;5669;	10;100;0;	12;100;19;	192;100;251;	193;100;251;	194;214;154620330012;	196;100;0;	197;100;0;	198;100;0;	199;200;0;
2015-05-24 20:54:52;	1;100;0;	2;137;79;	3;143;38682362306;	4;100;19;	5;100;0;	7;100;0;	8;140;26;	9;100;5670;	10;100;0;	12;100;19;	192;100;251;	193;100;251;	194;214;154620330012;	196;100;0;	197;100;0;	198;100;0;	199;200;0;
2015-05-24 21:24:52;	1;100;0;	2;137;79;	3;143;38682362306;	4;100;19;	5;100;0;	7;100;0;	8;140;26;	9;100;5670;	10;100;0;	12;100;19;	192;100;251;	193;100;251;	194;222;154620330011;	196;100;0;	197;100;0;	198;100;0;	199;200;0;
2015-05-24 21:54:52;	1;100;0;	2;137;79;	3;143;38682362306;	4;100;19;	5;100;0;	7;100;0;	8;140;26;	9;100;5671;	10;100;0;	12;100;19;	192;100;251;	193;100;251;	194;222;154620330011;	196;100;0;	197;100;0;	198;100;0;	199;200;0;
2015-05-24 22:24:52;	1;100;0;	2;137;79;	3;143;38682362306;	4;100;19;	5;100;0;	7;100;0;	8;140;26;	9;100;5671;	10;100;0;	12;100;19;	192;100;251;	193;100;251;	194;222;154620330011;	196;100;0;	197;100;0;	198;100;0;	199;200;0;
2015-05-24 22:54:52;	1;100;0;	2;137;79;	3;143;38682362306;	4;100;19;	5;100;0;	7;100;0;	8;140;26;	9;100;5672;	10;100;0;	12;100;19;	192;100;251;	193;100;251;	194;222;154620330011;	196;100;0;	197;100;0;	198;100;0;	199;200;0;
2015-05-24 23:24:52;	1;100;0;	2;137;79;	3;143;38682362306;	4;100;19;	5;100;0;	7;100;0;	8;140;26;	9;100;5672;	10;100;0;	12;100;19;	192;100;251;	193;100;251;	194;222;154620330011;	196;100;0;	197;100;0;	198;100;0;	199;200;0;
2015-05-24 23:54:52;	1;100;0;	2;137;79;	3;143;38682362306;	4;100;19;	5;100;0;	7;100;0;	8;140;26;	9;100;5673;	10;100;0;	12;100;19;	192;100;251;	193;100;251;	194;222;154620330011;	196;100;0;	197;100;0;	198;100;0;	199;200;0;
2015-05-25 00:24:52;	1;100;0;	2;137;79;	3;143;38682362306;	4;100;19;	5;100;0;	7;100;0;	8;140;26;	9;100;5673;	10;100;0;	12;100;19;	192;100;251;	193;100;251;	194;222;154620330011;	196;100;0;	197;100;0;	198;100;0;	199;200;0;
2015-05-25 00:54:52;	1;100;0;	2;137;79;	3;143;38682362306;	4;100;19;	5;100;0;	7;100;0;	8;140;26;	9;100;5674;	10;100;0;	12;100;19;	192;100;251;	193;100;251;	194;222;154620330011;	196;100;0;	197;100;0;	198;100;0;	199;200;0;
2015-05-25 01:24:52;	1;100;0;	2;137;79;	3;143;38682362306;	4;100;19;	5;100;0;	7;100;0;	8;140;26;	9;100;5674;	10;100;0;	12;100;19;	192;100;251;	193;100;251;	194;222;154620330011;	196;100;0;	197;100;0;	198;100;0;	199;200;0;
2015-05-25 01:54:52;	1;100;0;	2;137;79;	3;143;38682362306;	4;100;19;	5;100;0;	7;100;0;	8;140;26;	9;100;5675;	10;100;0;	12;100;19;	192;100;251;	193;100;251;	194;222;154620330011;	196;100;0;	197;100;0;	198;100;0;	199;200;0;
2015-05-25 02:24:52;	1;100;0;	2;137;79;	3;143;38682362306;	4;100;19;	5;100;0;	7;100;0;	8;140;26;	9;100;5675;	10;100;0;	12;100;19;	192;100;251;	193;100;251;	194;222;154620330011;	196;100;0;	197;100;0;	198;100;0;	199;200;0;
2015-05-25 02:54:52;	1;100;0;	2;137;79;	3;143;38682362306;	4;100;19;	5;100;0;	7;100;0;	8;140;26;	9;100;5676;	10;100;0;	12;100;19;	192;100;251;	193;100;251;	194;222;154620330011;	196;100;0;	197;100;0;	198;100;0;	199;200;0;
2015-05-25 03:24:52;	1;100;0;	2;137;79;	3;143;38682362306;	4;100;19;	5;100;0;	7;100;0;	8;140;26;	9;100;5676;	10;100;0;	12;100;19;	192;100;251;	193;100;251;	194;222;154620330011;	196;100;0;	197;100;0;	198;100;0;	199;200;0;
2015-05-25 03:54:52;	1;100;0;	2;137;79;	3;143;38682362306;	4;100;19;	5;100;0;	7;100;0;	8;140;26;	9;100;5677;	10;100;0;	12;100;19;	192;100;251;	193;100;251;	194;222;154620330011;	196;100;0;	197;100;0;	198;100;0;	199;200;0;
2015-05-25 04:24:52;	1;100;0;	2;137;79;	3;143;38682362306;	4;100;19;	5;100;0;	7;100;0;	8;140;26;	9;100;5677;	10;100;0;	12;100;19;	192;100;251;	193;100;251;	194;230;154620330010;	196;100;0;	197;100;0;	198;100;0;	199;200;0;
2015-05-25 04:54:52;	1;100;0;	2;137;79;	3;143;38682362306;	4;100;19;	5;100;0;	7;100;0;	8;140;26;	9;100;5678;	10;100;0;	12;100;19;	192;100;251;	193;100;251;	194;230;154620330010;	196;100;0;	197;100;0;	198;100;0;	199;200;0;
2015-05-25 05:24:52;	1;100;0;	2;137;79;	3;143;38682362306;	4;100;19;	5;100;0;	7;100;0;	8;140;26;	9;100;5678;	10;100;0;	12;100;19;	192;100;251;	193;100;251;	194;230;154620330010;	196;100;0;	197;100;0;	198;100;0;	199;200;0;
2015-05-25 05:54:52;	1;100;0;	2;137;79;	3;143;38682362306;	4;100;19;	5;100;0;	7;100;0;	8;140;26;	9;100;5679;	10;100;0;	12;100;19;	192;100;251;	193;100;251;	194;230;154620330010;	196;100;0;	197;100;0;	198;100;0;	199;200;0;
2015-05-25 06:24:52;	1;100;0;	2;137;79;	3;143;38682362306;	4;100;19;	5;100;0;	7;100;0;	8;140;26;	9;100;5679;	10;100;0;	12;100;19;	192;100;251;	193;100;251;	194;230;154620330010;	196;100;0;	197;100;0;	198;100;0;	199;200;0;
2015-05-25 06:54:52;	1;100;0;	2;137;79;	3;143;38682362306;	4;100;19;	5;100;0;	7;100;0;	8;140;26;	9;100;5680;	10;100;0;	12;100;19;	192;100;251;	193;100;251;	194;222;154620330011;	196;100;0;	197;100;0;	198;100;0;	199;200;0;
2015-05-25 07:24:52;	1;100;0;	2;137;79;	3;143;38682362306;	4;100;19;	5;100;0;	7;100;0;	8;140;26;	9;100;5680;	10;100;0;	12;100;19;	192;100;251;	193;100;251;	194;222;154620330011;	196;100;0;	197;100;0;	198;100;0;	199;200;0;
2015-05-25 07:54:51;	1;100;0;	2;137;79;	3;143;38682362306;	4;100;19;	5;100;0;	7;100;0;	8;140;26;	9;100;5681;	10;100;0;	12;100;19;	192;100;251;	193;100;251;	194;222;154620330011;	196;100;0;	197;100;0;	198;100;0;	199;200;0;
2015-05-25 08:24:52;	1;100;0;	2;137;79;	3;143;38682362306;	4;100;19;	5;100;0;	7;100;0;	8;140;26;	9;100;5681;	10;100;0;	12;100;19;	192;100;251;	193;100;251;	194;222;154620330011;	196;100;0;	197;100;0;	198;100;0;	199;200;0;
2015-05-25 08:54:52;	1;100;0;	2;137;79;	3;143;38682362306;	4;100;19;	5;100;0;	7;100;0;	8;140;26;	9;100;5682;	10;100;0;	12;100;19;	192;100;251;	193;100;251;	194;214;154620330012;	196;100;0;	197;100;0;	198;100;0;	199;200;0;
2015-05-25 09:24:52;	1;100;0;	2;137;79;	3;143;38682362306;	4;100;19;	5;100;0;	7;100;0;	8;140;26;	9;100;5682;	10;100;0;	12;100;19;	192;100;251;	193;100;251;	194;222;154620330011;	196;100;0;	197;100;0;	198;100;0;	199;200;0;
2015-05-25 09:54:52;	1;100;0;	2;137;79;	3;143;38682362306;	4;100;19;	5;100;0;	7;100;0;	8;140;26;	9;100;5683;	10;100;0;	12;100;19;	192;100;251;	193;100;251;	194;214;154620330012;	196;100;0;	197;100;0;	198;100;0;	199;200;0;
2015-05-25 10:24:52;	1;100;0;	2;137;79;	3;143;38682362306;	4;100;19;	5;100;0;	7;100;0;	8;140;26;	9;100;5683;	10;100;0;	12;100;19;	192;100;251;	193;100;251;	194;214;154620330012;	196;100;0;	197;100;0;	198;100;0;	199;200;0;
2015-05-25 10:54:52;	1;100;0;	2;137;79;	3;143;38682362306;	4;100;19;	5;100;0;	7;100;0;	8;140;26;	9;100;5684;	10;100;0;	12;100;19;	192;100;252;	193;100;252;	194;214;154620330012;	196;100;0;	197;100;0;	198;100;0;	199;200;0;
2015-05-25 11:24:52;	1;100;0;	2;137;79;	3;143;38682362306;	4;100;19;	5;100;0;	7;100;0;	8;140;26;	9;100;5684;	10;100;0;	12;100;19;	192;100;252;	193;100;252;	194;214;154620330012;	196;100;0;	197;100;0;	198;100;0;	199;200;0;
2015-05-25 11:54:52;	1;100;0;	2;137;79;	3;143;38682362306;	4;100;19;	5;100;0;	7;100;0;	8;140;26;	9;100;5685;	10;100;0;	12;100;19;	192;100;252;	193;100;252;	194;214;154620330012;	196;100;0;	197;100;0;	198;100;0;	199;200;0;
2015-05-25 12:24:52;	1;100;0;	2;137;79;	3;143;38682362306;	4;100;19;	5;100;0;	7;100;0;	8;140;26;	9;100;5685;	10;100;0;	12;100;19;	192;100;252;	193;100;252;	194;206;154620330013;	196;100;0;	197;100;0;	198;100;0;	199;200;0;
2015-05-25 12:54:52;	1;100;0;	2;137;79;	3;143;38682362306;	4;100;19;	5;100;0;	7;100;0;	8;140;26;	9;100;5686;	10;100;0;	12;100;19;	192;100;252;	193;100;252;	194;206;154620330013;	196;100;0;	197;100;0;	198;100;0;	199;200;0;
2015-05-25 13:24:52;	1;100;0;	2;137;79;	3;143;38682362306;	4;100;19;	5;100;0;	7;100;0;	8;140;26;	9;100;5686;	10;100;0;	12;100;19;	192;100;252;	193;100;252;	194;206;154620330013;	196;100;0;	197;100;0;	198;100;0;	199;200;0;
2015-05-25 13:54:52;	1;100;0;	2;137;79;	3;143;38682362306;	4;100;19;	5;100;0;	7;100;0;	8;140;26;	9;100;5687;	10;100;0;	12;100;19;	192;100;252;	193;100;252;	194;206;154620330013;	196;100;0;	197;100;0;	198;100;0;	199;200;0;
2015-05-25 14:24:52;	1;100;0;	2;137;79;	3;143;38682362306;	4;100;19;	5;100;0;	7;100;0;	8;140;26;	9;100;5687;	10;100;0;	12;100;19;	192;100;252;	193;100;252;	194;206;154620330013;	196;100;0;	197;100;0;	198;100;0;	199;200;0;
2015-05-25 14:54:52;	1;100;0;	2;137;79;	3;143;38682362306;	4;100;19;	5;100;0;	7;100;0;	8;140;26;	9;100;5688;	10;100;0;	12;100;19;	192;100;252;	193;100;252;	194;200;154620330014;	196;100;0;	197;100;0;	198;100;0;	199;200;0;
2015-05-25 15:24:52;	1;100;0;	2;137;79;	3;143;38682362306;	4;100;19;	5;100;0;	7;100;0;	8;140;26;	9;100;5688;	10;100;0;	12;100;19;	192;100;252;	193;100;252;	194;200;154620330014;	196;100;0;	197;100;0;	198;100;0;	199;200;0;
2015-05-25 15:54:52;	1;100;0;	2;137;79;	3;143;38682362306;	4;100;19;	5;100;0;	7;100;0;	8;140;26;	9;100;5689;	10;100;0;	12;100;19;	192;100;252;	193;100;252;	194;200;154620330014;	196;100;0;	197;100;0;	198;100;0;	199;200;0;
2015-05-25 16:24:52;	1;100;0;	2;137;79;	3;143;38682362306;	4;100;19;	5;100;0;	7;100;0;	8;140;26;	9;100;5689;	10;100;0;	12;100;19;	192;100;252;	193;100;252;	194;206;154620330013;	196;100;0;	197;100;0;	198;100;0;	199;200;0;
2015-05-25 16:54:52;	1;100;0;	2;137;79;	3;143;38682362306;	4;100;19;	5;100;0;	7;100;0;	8;140;26;	9;100;5690;	10;100;0;	12;100;19;	192;100;252;	193;100;252;	194;206;154620330013;	196;100;0;	197;100;0;	198;100;0;	199;200;0;
2015-05-25 17:24:52;	1;100;0;	2;137;79;	3;143;38682362306;	4;100;19;	5;100;0;	7;100;0;	8;140;26;	9;100;5690;	10;100;0;	12;100;19;	192;100;252;	193;100;252;	194;206;154620330013;	196;100;0;	197;100;0;	198;100;0;	199;200;0;
2015-05-25 17:54:52;	1;100;0;	2;137;79;	3;143;38682362306;	4;100;19;	5;100;0;	7;100;0;	8;140;26;	9;100;5691;	10;100;0;	12;100;19;	192;100;252;	193;100;252;	194;206;154620330013;	196;100;0;	197;100;0;	198;100;0;	199;200;0;
2015-05-25 18:24:52;	1;100;0;	2;137;79;	3;143;38682362306;	4;100;19;	5;100;0;	7;100;0;	8;140;26;	9;100;5691;	10;100;0;	12;100;19;	192;100;252;	193;100;252;	194;214;154620330012;	196;100;0;	197;100;0;	198;100;0;	199;200;0;
2015-05-25 18:54:52;	1;100;0;	2;137;79;	3;143;38682362306;	4;100;19;	5;100;0;	7;100;0;	8;140;26;	9;100;5692;	10;100;0;	12;100;19;	192;100;252;	193;100;252;	194;214;154620330012;	196;100;0;	197;100;0;	198;100;0;	199;200;0;
2015-05-25 19:24:52;	1;100;0;	2;137;79;	3;143;38682362306;	4;100;19;	5;100;0;	7;100;0;	8;140;26;	9;100;5692;	10;100;0;	12;100;19;	192;100;252;	193;100;252;	194;214;154620330012;	196;100;0;	197;100;0;	198;100;0;	199;200;0;
2015-05-25 19:54:52;	1;100;0;	2;137;79;	3;143;38682362306;	4;100;19;	5;100;0;	7;100;0;	8;140;26;	9;100;5693;	10;100;0;	12;100;19;	192;100;252;	193;100;252;	194;222;154620330011;	196;100;0;	197;100;0;	198;100;0;	199;200;0;
2015-05-25 20:24:52;	1;100;0;	2;137;79;	3;143;38682362306;	4;100;19;	5;100;0;	7;100;0;	8;140;26;	9;100;5693;	10;100;0;	12;100;19;	192;100;252;	193;100;252;	194;222;154620330011;	196;100;0;	197;100;0;	198;100;0;	199;200;0;
2015-05-25 20:54:52;	1;100;0;	2;137;79;	3;143;38682362306;	4;100;19;	5;100;0;	7;100;0;	8;140;26;	9;100;5694;	10;100;0;	12;100;19;	192;100;252;	193;100;252;	194;222;154620330011;	196;100;0;	197;100;0;	198;100;0;	199;200;0;
2015-05-25 21:24:52;	1;100;0;	2;137;79;	3;143;38682362306;	4;100;19;	5;100;0;	7;100;0;	8;140;26;	9;100;5694;	10;100;0;	12;100;19;	192;100;252;	193;100;252;	194;222;154620330011;	196;100;0;	197;100;0;	198;100;0;	199;200;0;
2015-05-25 21:54:52;	1;100;0;	2;137;79;	3;143;38682362306;	4;100;19;	5;100;0;	7;100;0;	8;140;26;	9;100;5695;	10;100;0;	12;100;19;	192;100;252;	193;100;252;	194;222;154620330011;	196;100;0;	197;100;0;	198;100;0;	199;200;0;
2015-05-25 22:24:52;	1;100;0;	2;137;79;	3;143;38682362306;	4;100;19;	5;100;0;	7;100;0;	8;140;26;	9;100;5695;	10;100;0;	12;100;19;	192;100;252;	193;100;252;	194;222;154620330011;	196;100;0;	197;100;0;	198;100;0;	199;200;0;
2015-05-25 22:54:52;	1;100;0;	2;137;79;	3;143;38682362306;	4;100;19;	5;100;0;	7;100;0;	8;140;26;	9;100;5696;	10;100;0;	12;100;19;	192;100;252;	193;100;252;	194;222;154620330011;	196;100;0;	197;100;0;	198;100;0;	199;200;0;
2015-05-25 23:24:52;	1;100;0;	2;137;79;	3;143;38682362306;	4;100;19;	5;100;0;	7;100;0;	8;140;26;	9;100;5696;	10;100;0;	12;100;19;	192;100;252;	193;100;252;	194;222;154620330011;	196;100;0;	197;100;0;	198;100;0;	199;200;0;
2015-05-25 23:54:52;	1;100;0;	2;137;79;	3;143;38682362306;	4;100;19;	5;100;0;	7;100;0;	8;140;26;	9;100;5697;	10;100;0;	12;100;19;	192;100;252;	193;100;252;	194;222;154620330011;	196;100;0;	197;100;0;	198;100;0;	199;200;0;
2015-05-26 00:24:52;	1;100;0;	2;137;79;	3;143;38682362306;	4;100;19;	5;100;0;	7;100;0;	8;140;26;	9;100;5697;	10;100;0;	12;100;19;	192;100;252;	193;100;252;	194;222;154620330011;	196;100;0;	197;100;0;	198;100;0;	199;200;0;
2015-05-26 00:54:52;	1;100;0;	2;137;79;	3;143;38682362306;	4;100;19;	5;100;0;	7;100;0;	8;140;26;	9;100;5698;	10;100;0;	12;100;19;	192;100;252;	193;100;252;	194;222;154620330011;	196;100;0;	197;100;0;	198;100;0;	199;200;0;
2015-05-26 01:24:52;	1;100;0;	2;137;79;	3;143;38682362306;	4;100;19;	5;100;0;	7;100;0;	8;140;26;	9;100;5698;	10;100;0;	12;100;19;	192;100;252;	193;100;252;	194;222;154620330011;	196;100;0;	197;100;0;	198;100;0;	199;200;0;
2015-05-26 01:54:51;	1;100;0;	2;137;79;	3;143;38682362306;	4;100;19;	5;100;0;	7;100;0;	8;140;26;	9;100;5699;	10;100;0;	12;100;19;	192;100;252;	193;100;252;	194;222;154620330011;	196;100;0;	197;100;0;	198;100;0;	199;200;0;
2015-05-26 02:24:52;	1;100;0;	2;137;79;	3;143;38682362306;	4;100;19;	5;100;0;	7;100;0;	8;140;26;	9;100;5699;	10;100;0;	12;100;19;	192;100;252;	193;100;252;	194;230;154620330010;	196;100;0;	197;100;0;	198;100;0;	199;200;0;
2015-05-26 02:54:52;	1;100;0;	2;137;79;	3;143;38682362306;	4;100;19;	5;100;0;	7;100;0;	8;140;26;	9;100;5700;	10;100;0;	12;100;19;	192;100;252;	193;100;252;	194;222;154620330011;	196;100;0;	197;100;0;	198;100;0;	199;200;0;
2015-05-26 03:24:52;	1;100;0;	2;137;79;	3;143;38682362306;	4;100;19;	5;100;0;	7;100;0;	8;140;26;	9;100;5700;	10;100;0;	12;100;19;	192;100;252;	193;100;252;	194;222;154620330011;	196;100;0;	197;100;0;	198;100;0;	199;200;0;
2015-05-26 03:54:52;	1;100;0;	2;137;79;	3;143;38682362306;	4;100;19;	5;100;0;	7;100;0;	8;140;26;	9;100;5701;	10;100;0;	12;100;19;	192;100;252;	193;100;252;	194;222;154620330011;	196;100;0;	197;100;0;	198;100;0;	199;200;0;
2015-05-26 04:24:52;	1;100;0;	2;137;79;	3;143;38682362306;	4;100;19;	5;100;0;	7;100;0;	8;140;26;	9;100;5701;	10;100;0;	12;100;19;	192;100;252;	193;100;252;	194;222;154620330011;	196;100;0;	197;100;0;	198;100;0;	199;200;0;
2015-05-26 04:54:52;	1;100;0;	2;137;79;	3;143;38682362306;	4;100;19;	5;100;0;	7;100;0;	8;140;26;	9;100;5702;	10;100;0;	12;100;19;	192;100;252;	193;100;252;	194;222;154620330011;	196;100;0;	197;100;0;	198;100;0;	199;200;0;
2015-05-26 05:24:52;	1;100;0;	2;137;79;	3;143;38682362306;	4;100;19;	5;100;0;	7;100;0;	8;140;26;	9;100;5702;	10;100;0;	12;100;19;	192;100;252;	193;100;252;	194;222;154620330011;	196;100;0;	197;100;0;	198;100;0;	199;200;0;
2015-05-26 05:54:52;	1;100;0;	2;137;79;	3;143;38682362306;	4;100;19;	5;100;0;	7;100;0;	8;140;26;	9;100;5703;	10;100;0;	12;100;19;	192;100;252;	193;100;252;	194;222;154620330011;	196;100;0;	197;100;0;	198;100;0;	199;200;0;
2015-05-26 06:24:52;	1;100;0;	2;137;79;	3;143;38682362306;	4;100;19;	5;100;0;	7;100;0;	8;140;26;	9;100;5703;	10;100;0;	12;100;19;	192;100;252;	193;100;252;	194;222;154620330011;	196;100;0;	197;100;0;	198;100;0;	199;200;0;
2015-05-26 06:54:52;	1;100;0;	2;137;79;	3;143;38682362306;	4;100;19;	5;100;0;	7;100;0;	8;140;26;	9;100;5704;	10;100;0;	12;100;19;	192;100;252;	193;100;252;	194;222;154620330011;	196;100;0;	197;100;0;	198;100;0;	199;200;0;
2015-05-26 07:24:52;	1;100;0;	2;137;79;	3;143;38682362306;	4;100;19;	5;100;0;	7;100;0;	8;140;26;	9;100;5704;	10;100;0;	12;100;19;	192;100;252;	193;100;252;	194;222;154620330011;	196;100;0;	197;100;0;	198;100;0;	199;200;0;
2015-05-26 07:54:52;	1;100;0;	2;137;79;	3;143;38682362306;	4;100;19;	5;100;0;	7;100;0;	8;140;26;	9;100;5705;	10;100;0;	12;100;19;	192;100;252;	193;100;252;	194;222;154620330011;	196;100;0;	197;100;0;	198;100;0;	199;200;0;
2015-05-26 08:24:52;	1;100;0;	2;137;79;	3;143;38682362306;	4;100;19;	5;100;0;	7;100;0;	8;140;26;	9;100;5705;	10;100;0;	12;100;19;	192;100;252;	193;100;252;	194;214;154620330012;	196;100;0;	197;100;0;	198;100;0;	199;200;0;
2015-05-26 08:54:52;	1;100;0;	2;137;79;	3;143;38682362306;	4;100;19;	5;100;0;	7;100;0;	8;140;26;	9;100;5706;	10;100;0;	12;100;19;	192;100;252;	193;100;252;	194;214;154620330012;	196;100;0;	197;100;0;	198;100;0;	199;200;0;
2015-05-26 09:24:52;	1;100;0;	2;137;79;	3;143;38682362306;	4;100;19;	5;100;0;	7;100;0;	8;140;26;	9;100;5706;	10;100;0;	12;100;19;	192;100;252;	193;100;252;	194;214;154620330012;	196;100;0;	197;100;0;	198;100;0;	199;200;0;
2015-05-26 09:54:52;	1;100;0;	2;137;79;	3;143;38682362306;	4;100;19;	5;100;0;	7;100;0;	8;140;26;	9;100;5707;	10;100;0;	12;100;19;	192;100;252;	193;100;252;	194;206;154620330013;	196;100;0;	197;100;0;	198;100;0;	199;200;0;
2015-05-26 10:24:52;	1;100;0;	2;137;79;	3;143;38682362306;	4;100;19;	5;100;0;	7;100;0;	8;140;26;	9;100;5707;	10;100;0;	12;100;19;	192;100;252;	193;100;252;	194;206;154620330013;	196;100;0;	197;100;0;	198;100;0;	199;200;0;
2015-05-26 10:54:52;	1;100;0;	2;137;79;	3;143;38682362306;	4;100;19;	5;100;0;	7;100;0;	8;140;26;	9;100;5708;	10;100;0;	12;100;19;	192;100;252;	193;100;252;	194;206;154620330013;	196;100;0;	197;100;0;	198;100;0;	199;200;0;
2015-05-26 11:24:52;	1;100;0;	2;136;80;	3;143;38682362306;	4;100;19;	5;100;0;	7;100;0;	8;140;26;	9;100;5708;	10;100;0;	12;100;19;	192;100;252;	193;100;252;	194;206;154620330013;	196;100;0;	197;100;0;	198;100;0;	199;200;0;
2015-05-26 11:54:52;	1;100;0;	2;136;80;	3;143;38682362306;	4;100;19;	5;100;0;	7;100;0;	8;145;24;	9;100;5709;	10;100;0;	12;100;19;	192;100;253;	193;100;253;	194;206;154620330013;	196;100;0;	197;100;0;	198;100;0;	199;200;0;
2015-05-26 12:24:52;	1;100;0;	2;136;80;	3;143;38682362306;	4;100;19;	5;100;0;	7;100;0;	8;145;24;	9;100;5709;	10;100;0;	12;100;19;	192;100;253;	193;100;253;	194;206;154620330013;	196;100;0;	197;100;0;	198;100;0;	199;200;0;
2015-05-26 12:54:52;	1;100;0;	2;136;80;	3;143;38682362306;	4;100;19;	5;100;0;	7;100;0;	8;145;24;	9;100;5710;	10;100;0;	12;100;19;	192;100;253;	193;100;253;	194;200;154620330014;	196;100;0;	197;100;0;	198;100;0;	199;200;0;
2015-05-26 13:24:52;	1;100;0;	2;136;80;	3;143;38682362306;	4;100;19;	5;100;0;	7;100;0;	8;145;24;	9;100;5710;	10;100;0;	12;100;19;	192;100;253;	193;100;253;	194;200;154620330014;	196;100;0;	197;100;0;	198;100;0;	199;200;0;
2015-05-26 13:54:52;	1;100;0;	2;136;80;	3;143;38682362306;	4;100;19;	5;100;0;	7;100;0;	8;145;24;	9;100;5711;	10;100;0;	12;100;19;	192;100;253;	193;100;253;	194;200;154620330014;	196;100;0;	197;100;0;	198;100;0;	199;200;0;
2015-05-26 14:24:52;	1;100;0;	2;136;80;	3;143;38682362306;	4;100;19;	5;100;0;	7;100;0;	8;145;24;	9;100;5711;	10;100;0;	12;100;19;	192;100;253;	193;100;253;	194;200;154620330014;	196;100;0;	197;100;0;	198;100;0;	199;200;0;
2015-05-26 14:54:52;	1;100;0;	2;136;80;	3;143;38682362306;	4;100;19;	5;100;0;	7;100;0;	8;145;24;	9;100;5712;	10;100;0;	12;100;19;	192;100;253;	193;100;253;	194;193;154620330015;	196;100;0;	197;100;0;	198;100;0;	199;200;0;
2015-05-26 15:24:52;	1;100;0;	2;136;80;	3;143;38682362306;	4;100;19;	5;100;0;	7;100;0;	8;145;24;	9;100;5712;	10;100;0;	12;100;19;	192;100;253;	193;100;253;	194;193;154620330015;	196;100;0;	197;100;0;	198;100;0;	199;200;0;
2015-05-26 15:54:52;	1;100;0;	2;136;80;	3;143;38682362306;	4;100;19;	5;100;0;	7;100;0;	8;145;24;	9;100;5713;	10;100;0;	12;100;19;	192;100;253;	193;100;253;	194;193;154620330015;	196;100;0;	197;100;0;	198;100;0;	199;200;0;
2015-05-26 16:24:52;	1;100;0;	2;136;80;	3;143;38682362306;	4;100;19;	5;100;0;	7;100;0;	8;145;24;	9;100;5713;	10;100;0;	12;100;19;	192;100;253;	193;100;253;	194;200;154620330014;	196;100;0;	197;100;0;	198;100;0;	199;200;0;
2015-05-26 16:54:52;	1;100;0;	2;136;80;	3;143;38682362306;	4;100;19;	5;100;0;	7;100;0;	8;145;24;	9;100;5714;	10;100;0;	12;100;19;	192;100;253;	193;100;253;	194;200;154620330014;	196;100;0;	197;100;0;	198;100;0;	199;200;0;
2015-05-26 17:24:52;	1;100;0;	2;136;80;	3;143;38682362306;	4;100;19;	5;100;0;	7;100;0;	8;145;24;	9;100;5714;	10;100;0;	12;100;19;	192;100;253;	193;100;253;	194;200;154620330014;	196;100;0;	197;100;0;	198;100;0;	199;200;0;
2015-05-26 17:44:03;	1;100;0;	2;136;80;	3;143;38682362306;	4;100;19;	5;100;0;	7;100;0;	8;145;24;	9;100;5714;	10;100;0;	12;100;19;	192;100;253;	193;100;253;	194;200;154620330014;	196;100;0;	197;100;0;	198;100;0;	199;200;0;
2015-05-26 18:14:04;	1;100;0;	2;136;80;	3;143;38682362306;	4;100;19;	5;100;0;	7;100;0;	8;145;24;	9;100;5715;	10;100;0;	12;100;19;	192;100;253;	193;100;253;	194;206;154620330013;	196;100;0;	197;100;0;	198;100;0;	199;200;0;
2015-05-26 18:44:04;	1;100;0;	2;136;80;	3;143;38682362306;	4;100;19;	5;100;0;	7;100;0;	8;145;24;	9;100;5715;	10;100;0;	12;100;19;	192;100;253;	193;100;253;	194;206;154620330013;	196;100;0;	197;100;0;	198;100;0;	199;200;0;
2015-05-26 19:14:04;	1;100;0;	2;136;80;	3;143;38682362306;	4;100;19;	5;100;0;	7;100;0;	8;145;24;	9;100;5716;	10;100;0;	12;100;19;	192;100;253;	193;100;253;	194;206;154620330013;	196;100;0;	197;100;0;	198;100;0;	199;200;0;
